{
	"info": {
		"_postman_id": "cb4192dc-7f23-4f0c-affa-93bb0be6e3de",
		"name": "Contas Collection",
		"schema": "https://schema.getpostman.com/json/collection/v2.1.0/collection.json",
		"_exporter_id": "18372179"
	},
	"item": [
		{
			"name": "Listar Contas",
			"request": {
				"method": "GET",
				"header": [],
				"url": {
					"raw": "http://localhost:8080/contas",
					"protocol": "http",
					"host": [
						"localhost"
					],
					"port": "8080",
					"path": [
						"contas"
					]
				}
			},
			"response": []
		},
		{
			"name": "Recuperar pelo id",
			"request": {
				"method": "GET",
				"header": [],
				"url": {
					"raw": "http://localhost:8080/contas/1",
					"protocol": "http",
					"host": [
						"localhost"
					],
					"port": "8080",
					"path": [
						"contas",
						"1"
					]
				}
			},
			"response": []
		},
		{
			"name": "Criar Conta",
			"request": {
				"method": "POST",
				"header": [],
				"body": {
					"mode": "raw",
					"raw": "{\r\n    \"numero\": \"123456\",\r\n    \"agencia\": \"1425\",\r\n    \"cliente\": \"João Souza\"\r\n}",
					"options": {
						"raw": {
							"language": "json"
						}
					}
				},
				"url": {
					"raw": "http://localhost:8080/contas",
					"protocol": "http",
					"host": [
						"localhost"
					],
					"port": "8080",
					"path": [
						"contas"
					]
				}
			},
			"response": []
		},
		{
			"name": "Transferir",
			"request": {
				"method": "POST",
				"header": [],
				"body": {
					"mode": "raw",
					"raw": "{\r\n    \"idContaOrigin\": 1,\r\n    \"idContaDestino\": 2,\r\n    \"valor\": 100\r\n}",
					"options": {
						"raw": {
							"language": "json"
						}
					}
				},
				"url": {
					"raw": "http://localhost:8080/contas/transferir",
					"protocol": "http",
					"host": [
						"localhost"
					],
					"port": "8080",
					"path": [
						"contas",
						"transferir"
					]
				}
			},
			"response": []
		},
		{
			"name": "Sacar",
			"request": {
				"method": "POST",
				"header": [],
				"body": {
					"mode": "raw",
					"raw": "{\r\n    \"idConta\": 1,\r\n    \"valor\": 30\r\n}",
					"options": {
						"raw": {
							"language": "json"
						}
					}
				},
				"url": {
					"raw": "http://localhost:8080/contas/sacar",
					"protocol": "http",
					"host": [
						"localhost"
					],
					"port": "8080",
					"path": [
						"contas",
						"sacar"
					]
				}
			},
			"response": []
		},
		{
			"name": "Depositar",
			"request": {
				"method": "POST",
				"header": [],
				"body": {
					"mode": "raw",
					"raw": "{\r\n    \"idConta\": 1,\r\n    \"valor\": 300\r\n}",
					"options": {
						"raw": {
							"language": "json"
						}
					}
				},
				"url": {
					"raw": "http://localhost:8080/contas/depositar",
					"protocol": "http",
					"host": [
						"localhost"
					],
					"port": "8080",
					"path": [
						"contas",
						"depositar"
					]
				}
			},
			"response": []
		},
		{
			"name": "Atualiza Conta",
			"request": {
				"method": "PUT",
				"header": [],
				"body": {
					"mode": "raw",
					"raw": "{\r\n    \"numero\": \"654123\",\r\n    \"agencia\": \"1425\",\r\n    \"cliente\": \"Luiz Fernando\"\r\n}",
					"options": {
						"raw": {
							"language": "json"
						}
					}
				},
				"url": {
					"raw": "http://localhost:8080/contas/2",
					"protocol": "http",
					"host": [
						"localhost"
					],
					"port": "8080",
					"path": [
						"contas",
						"2"
					]
				}
			},
			"response": []
		},
		{
			"name": "Deletar Conta",
			"request": {
				"method": "DELETE",
				"header": [],
				"body": {
					"mode": "raw",
					"raw": "{\r\n    \"numero\": \"123456789\",\r\n    \"agencia\": \"1425\",\r\n    \"cliente\": \"João Souza\"\r\n}",
					"options": {
						"raw": {
							"language": "json"
						}
					}
				},
				"url": {
					"raw": "http://localhost:8080/contas/2",
					"protocol": "http",
					"host": [
						"localhost"
					],
					"port": "8080",
					"path": [
						"contas",
						"2"
					]
				}
			},
			"response": []
		}
	]
}